method,original,low_contrast,noise,blur,uneven_light,combined,rata_rata
clahe+denoise+sharpen,0.0714,0.0000,0.2571,0.1429,0.1429,0.3714,0.1643
clahe,0.0714,0.0714,0.2357,0.2143,0.0000,0.4929,0.1810
otsu,0.0000,0.0000,0.1071,0.2857,0.5000,0.2714,0.1940
denoise,0.0714,0.0714,0.1143,0.3571,0.4286,0.1286,0.1952
gamma,0.1429,0.0714,0.1000,0.2143,0.2857,0.3929,0.2012
none,0.0714,0.0714,0.1143,0.2143,0.4286,0.3500,0.2083
sharpen,0.1429,0.1429,0.1786,0.2143,0.2857,0.3357,0.2167
adaptive,0.0714,0.0714,0.3000,0.7143,0.2143,0.4500,0.3036
hist_eq,0.5000,0.0714,0.4929,0.5000,0.5000,0.6357,0.4500
